crash_id,S0,T_years,sigma_atm_from_VIX,sigma_realized_pre,VIX_crash
1,220.439208984375,0.11904761904761904,0.8269,0.782975966083741,82.69
2,65.67296600341797,0.11904761904761904,0.6925,0.8224629541871762,69.25
3,86.93539428710938,0.11904761904761904,0.48,0.3133937807360737,48.0
