{
  "crash_id": "Crash1",
  "S0": 220.439208984375,
  "T_years": 0.119047619047619,
  "mean": 2.0816681711721685e-17,
  "std": 0.3455966700447178,
  "skew": 1.02567371961873,
  "kurtosis": 5.08430407218823,
  "tail_prob_<-0.200": 0.24499190037809232,
  "VaR_5pct": -0.5000477088566591,
  "CVaR_5pct": -0.5444787978387321
}