{
  "crash_id": "Crash2",
  "S0": 86.93537139892578,
  "T_years": 0.119047619047619,
  "mean": -2.42861286636753e-17,
  "std": 0.18715416536955004,
  "skew": 0.5341915181709198,
  "kurtosis": 3.9339348206746427,
  "tail_prob_<-0.200": 0.1653232403785745,
  "VaR_5pct": -0.3154391520848532,
  "CVaR_5pct": -0.3488558014702407
}