{
  "crash_id": "Crash3",
  "S0": 220.4392242431641,
  "T_years": 0.119047619047619,
  "mean": -1.3877787807814457e-17,
  "std": 0.34559667004471784,
  "skew": 1.0256737196187293,
  "kurtosis": 5.084304072188227,
  "tail_prob_<-0.200": 0.24499190037809226,
  "VaR_5pct": -0.5000477088566591,
  "CVaR_5pct": -0.5444787978387323
}