{
  "signature": {
    "tail_key": "tail_prob_<0.8S0",
    "tail_thresh": 0.22010140925762434,
    "skew_thresh": 0.9015840303360059
  },
  "tested_crash_id": "Crash3",
  "classification": {
    "is_crash_like": true,
    "score": 0.42892513187419834,
    "tail_val": 0.16820824499098852,
    "skew_val": 0.5245520627284433,
    "tail_thresh": 0.22010140925762434,
    "skew_thresh": 0.9015840303360059
  }
}