{
  "crash_id": "Crash3",
  "S0": 86.93539428710938,
  "T_years": 0.119047619047619,
  "mean": 86.93539428710936,
  "std": 16.249656561843633,
  "skew": 0.5245520627284433,
  "kurtosis": 3.822625098454055,
  "tail_prob_<0.8S0": 0.16820824499098852
}