{
  "crash_id": "Crash3",
  "S0": 86.93539428710938,
  "T_years": 0.119047619047619,
  "mean": -2.0816681711721685e-17,
  "std": 0.18715416536955004,
  "skew": 0.5341915181709207,
  "kurtosis": 3.9339348206746463,
  "tail_prob_<-0.200": 0.1653232403785745,
  "VaR_5pct": -0.31543915208485307,
  "CVaR_5pct": -0.34885580147024065
}