{
  "crash_id": "Crash1",
  "S0": 100,
  "mean": 87.02626926363973,
  "std": 24.878554847543434,
  "skew": 0.8065532530289654,
  "kurtosis": -0.11880758155274673,
  "tail_prob_<0.8S0": 0.5059660444405384
}