{
  "crash_id": "Crash1",
  "S0": 220.439208984375,
  "T_years": 0.119047619047619,
  "mean": 220.439208984375,
  "std": 75.9963795053844,
  "skew": 0.9920511987396531,
  "kurtosis": 4.84504927020874,
  "tail_prob_<0.8S0": 0.2548838609390349
}