{
  "crash_id": "Crash1",
  "S0": 65.67296600341797,
  "T_years": 0.119047619047619,
  "mean": 1.0408340855860843e-16,
  "std": 0.2823975731078381,
  "skew": 0.8275735305002047,
  "kurtosis": 4.520212599228732,
  "tail_prob_<-0.200": 0.2119136987470201,
  "VaR_5pct": -0.43404677709268635,
  "CVaR_5pct": -0.4759949618101713
}