{
  "crash_id": "Crash2",
  "S0": 65.67296600341797,
  "T_years": 0.119047619047619,
  "mean": 65.67296600341797,
  "std": 18.51752262039497,
  "skew": 0.8111168619323588,
  "kurtosis": 4.364435868947077,
  "tail_prob_<0.8S0": 0.18531895757621378
}